title,url,lyric,genre
Chúc Bé Ngủ Ngon,https://www.nhaccuatui.com/bai-hat/chuc-be-ngu-ngon-be-minh-vy.8miN5yqiqMUg.html,bé ơi ngủ đi đêm đã khuya rồi để những giấc mơ đẹp sẽ luôn bên em bé ơi ngủ ngoan trong tiếng ru ời vầng trăng đợi em cùng bay vào giấc mơ à ơi à ơi à à ơi chúc bé ngủ ngon,thieu-nhi
Con Cò Bé Bé,https://www.nhaccuatui.com/bai-hat/con-co-be-be-be-thao-van.FocAB1LT4saL.html,nó đậu cành tre đi không hỏi mẹ biết đi đường nào khi đi em hỏi khi về em chào miệng em chúm chím mẹ yêu không nào,thieu-nhi
Một Con Vịt,https://www.nhaccuatui.com/bai-hat/mot-con-vit-be-minh-vy.4Kv89kKTTH9Q.html,một con vịt xòe ra hai cái cánh nó kêu rằng các các các cạc cạc cạc gặp hồ nước nó bì bà bì bõm lúc lên bờ vẫy cái cánh cho khô một con vịt xòe ra hai cái cánh nó kêu rằng các các các cạc cạc cạc gặp hồ nước nó bì bà bì bõm lúc lên bờ vẫy cái cánh cho khô một con vịt xòe ra hai cái cánh nó kêu rằng các các các cạc cạc cạc gặp hồ nước nó bì bà bì bõm lúc lên bờ vẫy cái cánh cho khô một con vịt xòe ra hai cái cánh nó kêu rằng các các các cạc cạc cạc gặp hồ nước nó bì bà bì bõm lúc lên bờ vẫy cái cánh cho khô,thieu-nhi
Ba ngọn Nến Lung Linh,https://www.nhaccuatui.com/bai-hat/bangon-nen-lung-linh-candy-ngoc-ha.dxww06pRi4Tz.html,ba là cây nến vàng mẹ là cây nến xanh con là cây nến hồng ba ngọn nến lung linh a à á a a thắp sáng một gia đình gia đình gia đình ôm ấp ta những ngày thơ cho ta bao nhiêu niềm thương mến gia đình gia đình vương vấn bước chân ra đi ấm áp trái tim quay về gia đình gia đình ôm ấp ta những ngày thơ cho ta bao nhiêu niềm thương mến gia đình gia đình bên nhau mỗi khi đơn độc bên nhau đến suốt cuộc đời lung linh lung linh tình mẹ tình cha lung linh lung linh cùng một mái nhà lung linh lung linh cùng buồn cùng vui lung linh lung linh hai tiếng gia đình,thieu-nhi
Con Cò Bé Bé,https://www.nhaccuatui.com/bai-hat/con-co-be-be-candy-ngoc-ha.GOfmwviGIPWB.html,nó đậu cành tre đi không hỏi mẹ biết đi đường nào khi đi em hỏi khi về em chào miệng em chúm chím mẹ yêu không nào,thieu-nhi
Tập Thể Dục Buổi Sáng,https://www.nhaccuatui.com/bai-hat/tap-the-duc-buoi-sang-be-thao-van.RSP1q6OhfBrt.html,cô dạy em bài thể dục buổi sáng một hai ba bốn hít thở hít thở hít thở một tay đưa cao lên trời hai tay dang ngang bờ vai ba tay song song trước mặt bốn buông cả hai tay cô dạy em bài thể dục buổi sáng một hai ba bốn hít thở hít thở hít thở một tay đưa cao lên trời hai tay dang ngang bờ vai ba tay song song trước mặt bốn buông cả hai tay cô dạy em bài thể dục buổi sáng một hai ba bốn hít thở hít thở hít thở một tay đưa cao lên trời hai tay dang ngang bờ vai ba tay song song trước mặt bốn buông cả hai tay cô dạy em bài thể dục buổi sáng một hai ba bốn hít thở hít thở hít thở một tay đưa cao lên trời hai tay dang ngang bờ vai ba tay song song trước mặt bốn buông cả hai tay cô dạy em bài thể dục buổi sáng một hai ba bốn hít thở hít thở hít thở một tay đưa cao lên trời hai tay dang ngang bờ vai ba tay song song trước mặt bốn buông thẳng hai tay cô dạy em bài thể dục buổi sáng một hai ba bốn hít thở hít thở hít thở một tay đưa cao lên trời hai tay dang ngang bờ vai ba tay song song trước mặt bốn buông cả hai tay,thieu-nhi
Quả Gì,https://www.nhaccuatui.com/bai-hat/qua-gi-be-minh-vy.jIUI0bT50VTs.html,quả gì mà chua chua thế xin thưa rằng quả khế ăn vào thì chắc là chua vâng vâng chua thì để nấu canh chua quả gì mà da cưng cứng xin thưa rằng quả trứng ăn vào thì nó làm sao không sao ăn vào thì sẽ thêm cao quả gì mặc bao nhiêu áo xin thưa rằng quả pháo ăn vào thì chắc là dai không dai nhưng mà nổ điếc hai tai quả gì mà lăn lông lốc xin thưa rằng quả bóng sao mà quả bóng lại lăn do chân bao người cùng đá trên sân quả gì mà gai chi chít xin thưa rằng quả mít ăn vào thì chắc là đau không đau thơm lừng tận mấy hôm sau quả gì mà to to nhất xin thưa rằng quả đất to bằng quả mít mật không to hơn to bằng nghìn núi thái sơn,thieu-nhi
Cả Nhà Thương Nhau,https://www.nhaccuatui.com/bai-hat/ca-nha-thuong-nhau-be-thao-van.P4WmFYA3UKyL.html,ba thương con vì con giống mẹ mẹ thương con vì con giống cha cả nhà ta cùng thương yêu nhau xa là nhớ gần nhau là cười ba thương con vì con giống mẹ mẹ thương con vì con giống cha cả nhà ta cùng thương yêu nhau xa là nhớ gần nhau là cười,thieu-nhi
Cháu Yêu Bà,https://www.nhaccuatui.com/bai-hat/chau-yeu-ba-be-thao-van.kKkukw00gcfE.html,bà ơi bà cháu yêu bà lắm tóc bà trắng bà trắng như mây cháu yêu bà cháu nắm bàn tay khi cháu vâng lời cháu biết bà vui,thieu-nhi
Gà Trống Mèo Con Và Cún Con,https://www.nhaccuatui.com/bai-hat/ga-trong-meo-con-va-cun-con-be-thao-van.uqqmU14fIAK5.html,nhà em có con gà trống mèo con và cún con gà trống gáy ò ó o mèo con luôn rình bắt chuột cún con chăm canh gác nhà,thieu-nhi
Chú Chuột Nhắt,https://www.nhaccuatui.com/bai-hat/chu-chuot-nhat-be-thao-van.XogSHZPu5dZN.html,có con chuột nhắt nó chạy lăng xăng mắt nó láo liêng ngó nghiêng ngó dọc có con chuột nhắt nó chạy lăng xăng ăn vụng suốt ngày là thật đáng ch lêu lêu chú chuột nhắt chít chít lêu lêu chú chuột nhắt chít chít chăm làm không nên lười,thieu-nhi
Chú Ếch Con (SEE SING SHARE 4),https://www.nhaccuatui.com/bai-hat/chu-ech-con-see-sing-share-4-ha-anh-tuan.6P3iOAVuL8oC.html,kìa chú là chú ếch con có hai là hai mắt tròn chú ngồi học bài một mình bên hố bom kề vườn xoan bao nhiêu cá trê non cùng bao nhiêu cá rô ron tung tăng chiếc vây son nhịp theo tiếng ếch vang giòn kìa chú là ếch con bé ngoan là ngoan nhất nhà chú học thuộc bài xong rồi chú hát thi cùng họa mi bao nhiêu chú chim ri cùng bao cô cá rô phi nghe tiếng hát mê ly cùng vui thích chí cười khì,thieu-nhi
Trời Nắng Trời Mưa,https://www.nhaccuatui.com/bai-hat/troi-nang-troi-mua-be-minh-vy.q0vSxnaELhcp.html,trời nắng trời nắng thỏ đi tắm nắng vươn vai vươn vai thỏ dùng đôi tai nhảy tới nhảy tới đùa trong nắng mới bên nhau bên nhau bên nhau ta cùng chơi trời nắng trời năng thỏ đi tắm nắng vươn vai vươn vai thỏ dùng đôi tai nhảy tới nhảy tới đùa trong năng mới bên nhau bên nhau ta cùng chơi mưa to rồi mưa to rồi mau mau mau chạy thôi,thieu-nhi
Nhong Nhong Nhong,https://www.nhaccuatui.com/bai-hat/nhong-nhong-nhong-candy-ngoc-ha.vg6OtIBNBCbd.html,nhong nhong nhong cha làm con ngựa để cho con lên cưỡi trên lưng nhong nhong nhong cha làm con ngựa để cho con vui thỏa tiếng cười nhong nhong nhong ngựa cha mệt quá con không biết con nói ngựa phi nhong nhong nhong ngựa phi tận cùng hai cha con cùng ngã lăn đùng vui thật vui con cười giòn giã ngựa cha ngã bốn võ lăn quay con chạy ngay chạy đi hỏi mẹ tìm ở đâu có cỏ bồ đề mẹ bảo con đừng đi tìm cỏ mà con hãy thỏ thẻ bên tai con thương cha con ngoan thật nhiều ngựa cha lại cõng con nhong nhong nhong nhong nhong cha làm con ngựa mong cho con khôn lớn con ơi nhong nhong nhong cha làm con ngựa để cho con nương tựa suốt đời,thieu-nhi
Hai Con Thằn Lằn Con,https://www.nhaccuatui.com/bai-hat/hai-con-than-lan-con-be-thao-van.sCqmtLKR9W5B.html,hai con thằn lằn con đùa nhau cắn nhau đứt đuôi cha thằn lằn buồn thiu gọi chúng đến mới mắng cho hai con thằn lằn con đuôi thì to nhưng đã đứt rồi ôi đớn đau quá trời chúng khóc la tơi bời,thieu-nhi
LK: Chú Chuột Nhắt,https://www.nhaccuatui.com/bai-hat/lk-chu-chuot-nhat-con-meo-con-chuot-be-minh-vy.1ewqoAmRNPqv.html,1 chú chuột nhắt có con chuột nhắt nó chạy lăng xăng mắt nó láo liêng ngó nghiêng ngó dọc có con chuột nhắt nó chạy lăng xăng ăn vụng suốt ngày là thật đáng ch lêu lêu chú chuột nhắt chít chít lêu lêu chú chuột nhắt chít chít 2 con mèo con chuột con mèo con chuột con chuột con mèo hai con biết trèo và hai con nó biết nhảy nó chạy rất nhanh nó chạy vòng quanh mèo nhanh hơn chuột thì chuột làm sao sánh bằng con mèo con chuột con chuột con mèo hai con khác loài mà hai con nó khắc khẩu tiếng chuột chít chiu tiếng mèo mèo meo mèo đây bắt chuột thì chuột làm sao tránh mèo,thieu-nhi
Năm Ngón Tay Ngoan,https://www.nhaccuatui.com/bai-hat/nam-ngon-tay-ngoan-be-minh-vy.ePHjI9zvFgWE.html,xòe bàn tay đếm ngón tay một anh béo trông thật đến hay cả ngày vui ai có việc là anh giúp luôn không ngồi yên cạnh bên anh đứng thứ hai một anh tính thật thà đáng yêu tưởng rằng anh cao nhất nhà thì anh lắc luôn ngay cái đầu xòe bàn tay đếm ngón tay nhìn anh giữa trông thật đến cao hỏi tại sao cao thế nào thì anh nói anh chăm thể thao cạnh bên anh đứng thứ tư hỏi anh đã biết đọc chữ chưa thì anh thưa anh biết rồi rồi anh đứng nghiêm giơ tay chào rồi một anh đứng thứ năm người coi dáng trông thật đến xinh hỏi rằng ai em út nhà thì anh hát luôn theo nhịp ca rằng là em bé rất ngoan thường hay khám tay sạch các anh làm vệ sinh hay quét nhà và múa hát cho vui ông bà,thieu-nhi
Rửa Mặt Như Mèo,https://www.nhaccuatui.com/bai-hat/rua-mat-nhu-meo-be-thao-van.JGLOLdDM7MWX.html,meo meo meo rửa mặt như mèo xấu xấu lắm chẳng được mẹ yêu khăn mặt đâu mà ngồi lếm mép đau mắt rồi lại khóc meo meo,thieu-nhi
Dũng Sĩ Alibaba,https://www.nhaccuatui.com/bai-hat/dung-si-alibaba-be-minh-vy.g3uplIsEA1DL.html,khi xưa alibaba như vầng trăng sáng chiếu trên trần gian alibaba hôm nay alibaba như chàng dũng sĩ hát bao lời ca alibaba khi xưa alibaba như vầng trăng sáng chiếu trên trần gian alibaba hôm nay alibaba như chàng dũng sĩ hát bao lời ca alibaba chuyện xưa nói rất hay vầng trăng sáng ước mơ mùa xuân về để xoá những áng mây mù che khuất tháng năm êm đềm nào ta cùng hát vang và theo điệu trống chuyện xưa cho en khúc ca với bao lời ca ngọt ngào vầng trăng rực sáng soi trần giang để thấy chàng dũng sĩ đáng yêu mang niềm vui đến cho mọi người nào ta cùng hát vang và theo điệu trống và hãy nói với tinh thần chàng dũng sĩ alibaba tìm mùa xuân bao khúc hát luôn vui tươi đẹp bao ước mơ mang đến theo nhịp mùa xuân cõi trần,thieu-nhi
Chị Ong Nâu Và Em Bé,https://www.nhaccuatui.com/bai-hat/chi-ong-nau-va-em-be-candy-ngoc-ha.1vrJ6jsQf0L4.html,chị ong nâu nâu nâu nâu chị bay đi đâu đi đâu bác gà trống mới gáy ông mặt trời mới dậy mà trên những cành hoa em đã thấy chị bay bé ngoan của chị ơi hôm nay trời nắng tươi chị bay đi tìm nhuỵ làm mật ong nuôi đời chị vâng theo bố mẹ chăm làm không nên lười trời xanh xanh xanh xanh chị ong bay nhanh bay nhanh hoa nở những cánh thắm đi tìm mật trĩu nặng chị ong muốn mình qua nghiêng đôi cánh chào hoa bé nghoan của chị ơi hôm nay trời nắng tươi chị bay đi tìm nhuỵ làm mật ong nuôi đời chị vâng theo bố mẹ chăm làm không nên lười,thieu-nhi
Bông Hồng Tặng Cô,https://www.nhaccuatui.com/bai-hat/bong-hong-tang-co-candy-ngoc-ha.SRWZbcKYkZKx.html,em trồng giàn bông trước cửa nhà em em dành một cây cho cô giáo hiền giàn bông lên đua chen sắc hương nhưng ngạt ngào thơm là cây bông hồng cây bông hồng em trồng tặng cô cánh hoa hồng tươi như khoe ngày hội mát dịu mùi hương như tình thương mến cô dành cho chúng em cây bông hồng tấm lòng em đó dâng lên tặng cô đôi tay mẹ hiền đôi tay ân cần dịu êm trên bầu trời xanh én dập dìu bay như gọi mùa thu xôn xao nắng vàng gọi trang sách theo bên chúng em ngôi trường học chăm mùa thu lay động cây bông hồng em trồng tặng cô có thêm chồi non nhung tơ mượt mà có một chùm hoa đang vừa mới hé e lệ trong nắng mai em ân cần ngắt tặng cô giáo đem theo mùa thu xanh trong bầu trời dâng cô bông hồng đẹp tươi,thieu-nhi
Chào Buổi Sáng,https://www.nhaccuatui.com/bai-hat/chao-buoi-sang-be-minh-vy.7T0g0QL3vJjZ.html,chào buổi sáng nhìn bao bước chân trên đường thênh thang trên từng con phố tìm những phút giây nhẹ nhàng miên man theo làn gió mới chợt nhận thấy trong lòng sáng lên niềm vui vì đâu đó vang một khúc ca bạn ơi hãy thức giấc đón chào ánh dương ngày mới đến rồi hãy mỉm cười với bao chuyện đời hãy thật lòng nói xin cảm ơn hãy rộng lượng thứ tha lỗi lầm hãy cho niềm yêu thương sẽ có những sóng gió phía trước hãy cố gắng bước qua dù không dễ dàng trong cuộc đời còn những giấc mơ đẹp tươi hãy nói tôi yêu mọi người sáng sớm bước xuống đường như mọi ngày bình thường không khí trong lành tôi hít thật sâu tôi muốn mọi người cùng thức dậy để thấy bầu trời đẹp biết bao thấy hoa tươi trong nắng hương thơm gió nhẹ nhàng đâu đó vang lên tiếng nhạc vui khiến cho tôi cảm thấy cuộc sống ôi sao tuyệt vời và mọi người thật tươi vui,thieu-nhi
Bé Khoẻ Bé Ngoan,https://www.nhaccuatui.com/bai-hat/be-khoe-be-ngoan-candy-ngoc-ha.YIeJ3WHIqLP2.html,em bé khỏe em bé ngoan chỉ mong sao em lớn nhanh từng ngày em bé khỏe em bé ngoan em ca hát làm vui cả nhà em ăn ngon ngon thật là ngon em ngủ ngon ai cũng phát thèm em học hành cũng chăm ngoan lắm em đúng là bé khỏe bé ngoan,thieu-nhi
Bố Là Tất Cả,https://www.nhaccuatui.com/bai-hat/bo-la-tat-ca-candy-ngoc-ha.BBs0yzQK5Bc3.html,bố là tàu lửa bố là xe hơi bố là con ngựa em cưỡi em chơi bố là thuyền nan cho em vượt sóng bố là sông rộng cho thuyền em bơi bố bố là bờ đê cho em nắm ngủ bố bố là phi thuyền cho em bay vào không gian bố bố là tất cả bố ơi bố ơi bố ơi bố ơi những lúc bố mệt bố là bố thôi,thieu-nhi
Gia Đình Nhỏ Hạnh Phúc To,https://www.nhaccuatui.com/bai-hat/gia-dinh-nho-hanh-phuc-to-be-minh-vy.XkcXLch2IHBI.html,một nụ cười bé cha vui cả ngày một vài tiếng khóc mẹ lo hằng đêm thầm cầu mong cho con sẽ an lành chín tháng sinh thành một đời yêu thương một vòng tay lớn ôm con vào lòng một bàn chân to cho con tập đi dù ngày mai khi con lớn lên người nhưng với cha mẹ vẫn mãi bé thơ à ơi à ơi con ngủ cho ngoan giấc mơ sẽ mang đầy lời mẹ ru à ơi à ơi mãi mãi chúng ta một gia đình nhỏ một hạnh phúc to,thieu-nhi
Em Đi Chơi Thuyền,https://www.nhaccuatui.com/bai-hat/em-di-choi-thuyen-candy-ngoc-ha.0uWw5ebxFtZm.html,em đi bơi thuyền trong thảo cầm viên chim kêu hót mừng chào đón xuân về thuyền em thuyền con vịt nó bơi bơi bơi thuyền em thuyền con rồng nó bay bay bay má dặn em ngồi yên khi đi bơi thuyền vui quá là vui mai em lại vô đây vui chơi,thieu-nhi
Đàn Kiến Nó Đi,https://www.nhaccuatui.com/bai-hat/dan-kien-no-di-candy-ngoc-ha.Yyhr4op80VoF.html,một đàn kiến nhỏ chạy ngược chạy xuôi chẳng ra hàng một chẳng thành hàng đôi đang chạy bên này lại sang bên nọ cắm cổ cắm đầu kìa trông xấu quá chúng em vào lớp sóng bước hai hàng chẳng như kiến nọ rối tinh cả đàn,thieu-nhi
Bé Thương Ông Địa,https://www.nhaccuatui.com/bai-hat/be-thuong-ong-dia-be-thao-van.EiKx63NaE34h.html,ơi ông địa có cái bụng ngộ ghê cầm cái quạt ông nhảy múa say mê ơi ông địa có gương mặt thật duyên ông mãi cười như không biết mõi miệng đi xem múa lân hay là xem múa rồng em thích nhất ông địa vì ông địa rất vui ông địa không trèo cao như lân như rồng ông đứng múa dưới đường trông mặt thấy mà thương,thieu-nhi
Những Ước Mơ,https://www.nhaccuatui.com/bai-hat/nhung-uoc-mo-be-minh-vy.CvL8YY6AQfux.html,ơi các bạn mình ơi tay nắm chặt bàn tay ca hát cùng ngàn mây rồi mặt trời đỏ tươi tỏa sáng ta muốn cùng ngàn sao xanh ước vọng trời cao ta nhắn cùng vầng trăng mời chị hằng dệt bao mộng vàng xanh ơi xanh thắm trái bóng xanh bay theo tháng năm nào ta nắm chặt tay cho tình thân ái cháy trong tim mình ôi sao vui quá bước chân vào vòng đời thiết tha rồi ta biến thành mây bay vòng thế giới cho thỏa ước mơ ơi các bạn mình ơi tay nắm chặt bàn tay ca hát cùng ngàn mây rồi mặt trời đỏ tươi tỏa sáng ta muốn cùng ngàn sao xanh ước vọng trời cao ta nhắn cùng vầng trăng mời chị hằng dệt bao mộng vàng xanh ơi xanh thắm trái bóng xanh bay theo tháng năm nào ta nắm chặt tay cho tình thân ái cháy trong tim mình ta luôn mong muốn thế gian này chẳng còn chiến tranh từng khu phố mọc cao ta cùng ngàn sao không còn cách xa,thieu-nhi
Ai Thương Con Nhiều,https://www.nhaccuatui.com/bai-hat/aithuong-con-nhieu-candy-ngoc-ha.M7jFhgV8sqtN.html,ba với mẹ đều thương con nhưng không biết ai thương con nhiều hơn con nghĩ hoài mà không ra hỏi bác gấu búp bê cũng lắc đầu ba thương con nhưng ba không nói mẹ yêu con mẹ không giấu một lời khó quá đi thôi khó quá đi thôi a con biết rồi ba với mẹ đều thương con bằng nhau,thieu-nhi
Rước Đèn Tháng 8,https://www.nhaccuatui.com/bai-hat/ruoc-den-thang-8-be-minh-vy.XZvnT0Md1VLL.html,tết trung thu rước đèn đi chơi em rước đèn đi khắp phố phường lòng vui sướng với đèn trong tay em múa ca trong ánh trăng rằm đèn ông sao với đèn cá chép đèn thiên nga với đèn bướm bướm em rước đèn này đến cung trăng đèn xanh lơ với đèn tím tím đèn xanh lam với đèn trắng trắng trong ánh đèn rực rỡ muôn màu tít trên cao dáng tròn xinh xinh soi xuống trần ánh sáng dịu dàng rằm tháng tám bóng hằng trong sáng em múa ca vui đón chị hằng tùng dinh dinh cắc tùng dinh dinh tùng dinh dinh cắc tùng dinh dinh em rước đèn này đến cung trăng tùng dinh dinh cắc tùng dinh dinh tùng dinh dinh cắc tùng dinh dinh em rước đèn mừng đón chị hằng tết trung thu bánh quà đầy mâm em bé nhà ưa đứng quây quần đòi hạt sen bánh dẻo đầy nhân em muốn ăn bốn năm ba phần ngọt thơm như bánh dẻo bánh nướng ngọt cay như mứt gừng mứt bí ăn mát lòng lại thấy vui thêm hạt dưa nghe cắn nổ lốp đốp người vui hoan nói cười hấp tấp bao tấm lòng mừng đón trăng rằm,thieu-nhi
Lời Thầy Cô,https://www.nhaccuatui.com/bai-hat/loi-thay-co-be-minh-vy.Xf7jdUw8CALm.html,lời thầy cô con luôn ghi trong tim mãi khắc ghi bao công ơn cô thầy những tháng năm khi con còn thơ dại lời thầy cô đã cho con niềm tin rồi ngày mai khi con lớn lên tung cánh bay con bay đi vào đời lời thầy cô con luôn mang bên mình là hành trang cho con bước đi thời gian trôi sao trôi quá nhanh đôi tay con không thể níu lại lời thây cô luôn mãi bên con dù đường xa con không ngại gian khó lời thầy cô chắp cánh cho con vững bước con đi trên đường đời dù thời gian dẫu có đổi thay lời thầy cô con sẽ mãi không quên,thieu-nhi
Chị Ong Nâu Và Em Bé,https://www.nhaccuatui.com/bai-hat/chi-ong-nau-va-em-be-be-thao-van.qKB9jLQcCXsV.html,chị ong nâu nâu nâu nâu chị bay đi đâu đi đâu bác gà trống mới gáy ông mặt trời mới dậy mà trên những cành hoa em đã thấy chị bay bé ngoan của chị ơi hôm nay trời nắng tươi chị bay đi tìm nhuỵ làm mật ong nuôi đời chị vâng theo bố mẹ chăm làm không nên lười trời xanh xanh xanh xanh chị ong bay nhanh bay nhanh hoa nở những cánh thắm đi tìm mật trĩu nặng chị ong muốn mình qua nghiêng đôi cánh chào hoa bé nghoan của chị ơi hôm nay trời nắng tươi chị bay đi tìm nhuỵ làm mật ong nuôi đời chị vâng theo bố mẹ chăm làm không nên lười,thieu-nhi
Chú Mèo Con Lông Trắng Tinh,https://www.nhaccuatui.com/bai-hat/chu-meo-con-long-trang-tinh-be-thao-van.drwBC9kVMx2N.html,mắt tròn xoe và trông rất xinh meo meo a con mèo nó rất ngoan bắt chuột đôi chân nhanh thoăn thoắt a con mèo nó rất ngoan suốt ngày em đùa chơi với mèo mèo bốn bàn chân bé tí ti vểnh một tai như đang lắng nghe meo meo a con mèo nó rất khôn nó vểnh râu ngồi nghe em hát a con mèo nó rất ngoan suốt ngày chơi xung quanh cái vòng tròn,thieu-nhi
Em Là Hoa Hồng Nhỏ,https://www.nhaccuatui.com/bai-hat/em-la-hoa-hong-nho-candy-ngoc-ha.N9uxzlHvspTz.html,em sẽ là mùa xuân của mẹ em sẽ là mùa nắng của cha em đến trường học bao điều lạ môi mỉm cười là những nụ hoa trang sách hồng nằm mơ màng ngủ em gối đầu trên những dòng thơ em thấy mình là hoa hồng nhỏ bay giữa trời làm mát ngày qua trời mênh mông đất hiền hoà bàn chân em đi nhè nhẹ đưa em vào tình người bao la cây cỏ rừng bầy chim làm tổ sông có nguồn từ suối chảy ra tim mỗi người là quê nhà nhỏ tình hồng thắm như mặt trời xa,thieu-nhi
Chỉ Toàn Vần B,https://www.nhaccuatui.com/bai-hat/chi-toan-van-b-be-minh-vy.g056wU2Acl9E.html,bé bán bánh bía bán bong bóng bên bùng binh bé bóc bé búng bé bấu bé bôi bình bông bình bông bị bôi bông bị bể biết bao bực buồn bà ba bên bùng binh bà ba bị bể bánh bà ba bực buồn ba bé bảo bé bôi bẩn bẩn bôi bình bông bạn bé bảo bé bán báo bán bên bùng binh bùng binh bên bình bông bình bông biết bé bên bùng binh bình bông bên bùng binh bình bông biết bé bước bước bên bùng binh bình bông bên bể bơi bông bị bung bị bèo bám bể bơi bên bùng binh bao bạn bé bơi bể bơi bùng binh bên bình bông bên bể bơi bên bàn báo bông bay bông bung bông ban ban bơi bông bơi bên banh bé bóc bánh bía bánh bía bám bên bình bông bé bán bong bóng bong bóng bay bên bùng binh bùng binh bị bung banh bị bể biết bao bực buồn bùng binh bên bình bông bao bạn bé bán báo bán bên bùng binh bé bước bước bước bé bước bước bên bùng binh bé búng bong bóng bong bóng bể bên bình bông bình bông bị bay bà ba bước bước bên bùng binh bình bông bên bùng binh bà ba béo bước bước bước bên bình bông,thieu-nhi
Bé Tập Đánh Răng,https://www.nhaccuatui.com/bai-hat/be-tap-danh-rang-be-thao-van.RLv6bI28OlGo.html,từ trên xuống dưới từ dưới lên trên đừng quên răng nào mình tập đánh răng rồi mình xaoy xoay mình làm thật nhẹ tay mình làm thật khéo tay hàm răng trắng tinh nụ cười thật xinh rồi mình xaoy xoay mình làm thật nhẹ tay mình làm thật khéo tay hàm răng trắng tinh nụ cười thật xinh,thieu-nhi
Chậm Như Rùa,https://www.nhaccuatui.com/bai-hat/cham-nhu-rua-be-hong-an.T3WvRUEzVH8f.html,chiếc mai con rùa cứng như là đá rụt đầu rút cổ thò ra thụt vô rùa con nhút nhát hổng đi đâu ông bà có câu chậm như rùa bò con rùa bơi dưới nước con rùa đi trên cạn con rùa bơi rất chậm con rùa đi rất chậm,thieu-nhi
Tập Đếm,https://www.nhaccuatui.com/bai-hat/tap-dem-be-thao-van.7KrCYikP0kXY.html,nào các bạn cùng ra đây ta hát chung một bài nào mời các bạn cùng giơ tay ta đếm cho thật đều một với một là hai hai thêm hai là bốn bốn với một là năm năm ngón tay sạch đều,thieu-nhi
Mẹ Ơi Tại Sao,https://www.nhaccuatui.com/bai-hat/me-oi-tai-sao-be-minh-vy.xbGt1C1izr74.html,mẹ ơi tại sao con bướm bay cao con ong làm mật con kiến tha mồi mẹ ơi tại sao trời nhiều mây thế tại sao mẹ ơi trời mưa hay nắng mẹ ơi tại sao trong giấc chiêm bao ông tiên hiện về ông nói ông cười gậy ông cầm tay ông hoá ngôi sao trắng xanh vàng đỏ đậu trên mái nhà ô ngày mai ngày con đến trường khi ngoài sân gà gáy o o cô dạy con học rất vui vui 1 2 ba cùng nhau hát ca ô ngày mai ngày con đến trường con học ngoan và lớn lên mau con làm theo lời ba và mẹ à tại sao con lớn mẹ ơi mẹ ơi tại sao ông có lưng cong tiếng ông ồm ồm râu tóc ông dài mẹ ơi tại sao ba nói thương con nhớ thương là gì vì sao hỡi mẹ,thieu-nhi
Búp Bê Xinh Búp Bê Ngoan,https://www.nhaccuatui.com/bai-hat/bup-be-xinh-bup-be-ngoan-be-minh-vy.0lWmACjcVrGL.html,búp bê của em xinh quá ơi là xinh búp bê của em biết cười biết hát búp bê theo em đến lớp mỗi ngày nghe lời cô dạy học hành chăm ngoan búp bê của em mắt sáng môi hồng tươi búp bê của em tóc dài xinh xắn búp bê theo em múa hát suốt ngày như đàn chim nhỏ ríu rít ca gọi bầy la la la la búp bê ngoan búp bê xinh la la la la em cũng xinh và em cũng ngoan la la la la búp bê ngoan búp bê xinh la la la la em cũng xinh và em cũng ngoan,thieu-nhi
Bé Khoẻ Bé Ngoan,https://www.nhaccuatui.com/bai-hat/be-khoe-be-ngoan-be-thao-van.98SRKJghIpTe.html,em bé khỏe em bé ngoan chỉ mong sao em lớn nhanh từng ngày em bé khỏe em bé ngoan em ca hát làm vui cả nhà em ăn ngon ngon thật là ngon em ngủ ngon ai cũng phát thèm em học hành cũng chăm ngoan lắm em đúng là bé khỏe bé ngoan,thieu-nhi
Đừng Đi Chơi Xa,https://www.nhaccuatui.com/bai-hat/dung-di-choi-xa-be-hong-an.wwEcfNht3BLw.html,không có ba không có má bé ở nhà vui với ông bà không có ba không có má bé ở nhà đừng đi chơi xa bé nhớ nha đừng đi xa quá gặp người lạ đưa bé đi xa bé nhớ nha đừng đi xa quá bé ở nhà,thieu-nhi
Cháu Vẽ Ông Mặt Trời,https://www.nhaccuatui.com/bai-hat/chau-ve-ong-mat-troi-be-thao-van.jxHOxUPAKmGI.html,miệng ông cười thật tươi như miệng cười cô giáo dạy cháu hát dạy cháu chơi chùm mây ở cạnh ông như ở cạnh cô giáo là mái tóc của bé thơ,thieu-nhi
LK Kéo Cưa Lừa Xẻ,https://www.nhaccuatui.com/bai-hat/lk-keo-cua-lua-xe-chi-chi-chanh-chanh-be-minh-vy.PSTu6GCjEZGX.html,1 kéo cưa lừa xẻ kéo cưa lừa xẻ ông thợ nào khỏe thì anh cơm vua ông thợ nào thua thì về bú mẹ kéo cưa lừa xẻ ông thợ nào khỏe thì anh cơm vua ông thợ nào thua thì về bú mẹ 2 chi chi chành chành chi chi chành chành cái đanh thổi lửa con ngựa đứt cương ba vương lập đế bắt dế đi tìm ù à ù ập,thieu-nhi
Anh Hai,https://www.nhaccuatui.com/bai-hat/anh-hai-be-minh-vy.RiN0uJHIcig9.html,sao mẹ lại sanh anh hai trước mà không phải là sanh con hai cao thật cao hai nói ào ào toàn chuyện trên trời dưới ao sao mẹ lại sanh anh hai trước mà không phải là sanh con sao mẹ lại sanh anh hai trước mà không phải là sanh con sao mẹ lại sanh anh hai trước mà không phải là sanh con hai to thật to lại hay nói mò chê con ốm như con cò anh hai anh hai bắt con học bài anh hai anh hai hay nhéo cái tai anh hai anh hai bắt con học hoài anh hai anh hai cứ nhéo cái tai mỗi khi con làm bài sai,thieu-nhi
Chúc Mừng Sinh Nhật,https://www.nhaccuatui.com/bai-hat/chuc-mung-sinh-nhat-be-thuy-tram.rodODEVpjRIi.html,với món quà bánh kem thơm đóa hoa tươi tô thắm thêm nụ cười thắp nến hồng sáng lung linh em ước mơ tay chắp tay nguyện cầu lá là lá la la la mừng em thêm tuổi mới la là lá la là là hát mừng em bao lời với món quà bánh kem thơm đóa hoa tươi tô thắm thêm nụ cười thắp nến hồng sáng lung linh em ước mơ tay chắp tay nguyện cầu lá là lá la la la mừng em thêm tuổi mới la là lá la là là hát mừng em bao lời em thêm tuổi mới chúc mừng sinh nhật,thieu-nhi
Gà Con,https://www.nhaccuatui.com/bai-hat/ga-con-be-hong-an.7B7GyKwbsBr0.html,con gà hay là gà con lon ton theo mẹ tìm mồi le te theo cha tập gáy lớn rồi chia đàn gà con như gà mẹ gà mái lông vàng như gà cha ban mai cất tiếng gáy ò ó o,thieu-nhi
Cuội Không Về,https://www.nhaccuatui.com/bai-hat/cuoi-khong-ve-kieu-my.ebYU5oVCe18V.html,cuội ơi ở trên cung trăng có gì vui không mà sao cuội không về nhà cuội ngồi bên gốc cây đa chờ cây đa lớn lớn lớn cuội ơi giữ trâu trên cao giữa một đêm trăng cuội quên để trâu lạc loài đành ngồi bên gốc cây đa buồn không muốn về là về trần gian ơi chú cuội ơi chú xuống đây chơi với chúng em chúng em có nhiều bánh lắm đó chúng em có nhiều chiếc đèn nè cuội xuống đây chơi với chúng em cùng em rước đèn dưới ánh trăng,thieu-nhi
Chú Heo Lười,https://www.nhaccuatui.com/bai-hat/chu-heo-luoi-candy-ngoc-ha.aJ6i7pbRglak.html,ụt ụt ụt ụt ụt ụt có chú heo con ủn ỉn kêu hoài ăn suốt ngày rồi nằm phểnh cái bụng ra chú heo ơi sao mà làm biếng quá em biết rồi không được như thế đâu để bạn bè đừng có chê cười,thieu-nhi
LK: Chú Mèo Con,https://www.nhaccuatui.com/bai-hat/lk-chu-meo-con-rua-mat-nhu-meo-be-minh-vy.TIlYtVrFKrLL.html,1 chú mèo con chú mèo con lông trắng tinh mắt tròn xoe và trông rất xinh meo meo a con mèo nó rất ngoan bắt chuột đôi chân nhanh thoăn thoắt a con mèo nó rất ngoan suốt ngày em đùa chơi với mèo mèo bốn bàn chân bé tí ti vểnh một tai như đang lắng nghe meo meo a con mèo nó rất khôn nó vểnh râu ngồi nghe em hát a con mèo nó rất ngoan suốt ngày chơi xung quanh cái vòng tròn 2 rửa mặt như mèo meo meo meo rửa mặt như mèo xấu xấu lắm chẳng được mẹ yêu khăn mặt đâu mà ngồi liếm mép đau mắt rồi lại khóc meo meo,thieu-nhi
Nụ Cười Thiên Thần,https://www.nhaccuatui.com/bai-hat/nu-cuoi-thien-than-candy-ngoc-ha.9mdJ2qk3ul2a.html,thiên thần luôn hé môi cười mang niềm vui đến mọi nơi trên cành chim hót gọi mời cho mùa xuân đến thất vui không còn mây xám trên trời muôn ngàn tia nắng dệt thiêu cùng thiêu hình xinh xắn thiên thần ngồi hát giữa phố bao mùa xuân đẹp như ánh bình minh bừng lên giữa đêm tối đẹp như cánh đồng hoa cùng đua sắc màu hương ngàn trăm những vì sao không đẹp hơn đôi mắt dễ thương cùng hơi gió mùa xuân mang lời ca bay đến mọi nơi hãy yêu thuơng người hơn ta hãy luôn cho đời trăm hoa cùng ca,thieu-nhi
Mùa Xuân Của Bé,https://www.nhaccuatui.com/bai-hat/mua-xuan-cua-be-be-hong-an.RKfUZnXcnHzN.html,theo mẹ lên chùa theo cha chúc tết mừng tuổi ông bà có bánh chưng xanh có dưa hấu đỏ cùng vui chợ tết có tiếng chim ca có mai có đào ngàn hoa rạng ngời,thieu-nhi
Thương Lắm Thầy Cô Ơi,https://www.nhaccuatui.com/bai-hat/thuong-lam-thay-co-oi-sunny-bao-ngoc.I7EkWvAT04G1.html,hôm nay em đi đến trường từng ánh mắt vui bên thầy cô cho em thơ ngàn câu hát lời yêu thương vô bến bờ xinh tươi như hoa điểm mười đẹp biết mấy tương lai ngày mai em yêu sao thầy cô giáo vì đàn em năm tháng vun trồng từng trang giáo án như những bông hoa đẹp tươi trong nắng theo gió đưa hương trên con đường thầy cô vẫn đi ngàn sao lấp lánh soi sáng đêm thâu bài ca em hát ghi nhớ công ơn cô thầy dạy dỗ em nên người,thieu-nhi
Bé Quét Nhà,https://www.nhaccuatui.com/bai-hat/be-quet-nha-candy-ngoc-ha.75pZQRqHbbVe.html,một sợi rơm vàng là hai sợi vàng rơm bà bện chổi to bà làm chổi nhỏ chổi to chổi to bà quét sân to ấy còn chổi nhỏ bà để cho bé chăm lo quét nhà,thieu-nhi
Vì Sao Con Mèo Rửa Mặt,https://www.nhaccuatui.com/bai-hat/vi-sao-con-meo-rua-mat-be-thao-van.0kgBz7mheE4c.html,mèo con ra vại nước bàn chân nó vuốt vuốt xoa mấy sợi râu cước rồi vào trong bếp tro vì sợ bị đau mắt không ai đến gần mèo,thieu-nhi
Bé Quét Nhà,https://www.nhaccuatui.com/bai-hat/be-quet-nha-be-thao-van.OvgagI8JU2Lz.html,một sợi rơm vàng là hai sợi vàng rơm bà bện chổi to bà làm chổi nhỏ chổi to bà quét sân to ấy còn chổi nhỏ thì để dành bé chăm lo quét nhà,thieu-nhi
Thầy Cô Cho Em Mùa Xuân,https://www.nhaccuatui.com/bai-hat/thay-co-cho-em-mua-xuan-sunny-bao-ngoc.Mtjm3HhKVtoo.html,một bông hồng em dành tặng cô một bài ca hát lên tặng thầy những món quà bé nhỏ đơn sơ nhưng chứa chan niềm kính yêu vô bờ như dòng suối ra sông như dòng sông ra biển rộng trang sách hồng ước mơ em lớn lên từng ngày vì hạnh phúc tương lai ánh đèn khuya vẫn miệt mài bên mái trường mến yêu,thieu-nhi
Bé Hát Cho Vui Cửa Vui Nhà,https://www.nhaccuatui.com/bai-hat/be-hat-cho-vui-cua-vui-nha-candy-ngoc-ha.W0VGKMyuVKSK.html,bé hát cho vui cửa vui nhà bé hát cho ba má xem nè làm ca sĩ tí hon là con lòng vui sướng theo từng tiếng ca cùng hòa vang nhạc rộn rã con hát cho ba mẹ nghe nhé trọn niềm vui lời của bé vang tiếng ca rộn ràng bay xa bé hát cho vui cửa vui nhà thánh thót ngân nga với cây đàn làm ca sĩ tí hon thật ngoan lòng vui sướng bao niềm ước mơ,thieu-nhi
Vườn Cây Của Ba,https://www.nhaccuatui.com/bai-hat/vuon-cay-cua-ba-candy-ngoc-ha.085Ix6Ir2v8f.html,má trồng toàn những cây dễ thương nào là hoa là rau là lúa còn ba trồng toàn cây dễ sợ cây xù xì cây lại có gai cái gai bưởi đụng vào là chảy máu trái sầu riêng rớt trúng thì đầu u nhựa hột điều dính vào là rách áo cây dừa cao eo ôi là caọ cây ba trồng sống lâu lâu thiệt là lâu mưa chẳng dập gió lay chẳng đổ thân xù xì cứ đứng trơ trơ cành gai góc đâm ngang tua tủa bưởi sầu riêng dừa điều và nhiều nhiều nữa cho em bốn mùa vị ngọt hương thơm vườn cuả ba cây trồng thì dễ sợ mà trái nào cũng thiệt dễ thương,thieu-nhi
Gà Trống Thổi Kèn,https://www.nhaccuatui.com/bai-hat/ga-trong-thoi-ken-candy-ngoc-ha.7qhgNd5pKnph.html,con gà trống đứng ngóng cổ dài tò tí te nó thổi kèn rất hay ông mặt trời tỉnh giấc vươn vai vén màn đỏ ngó xem ai thổi kèn thì ra là thì ra là là con gà trống đứng ngóng cổ dài tò tí te nó thổi kèn rất hay tò tí te tò tí te nó thổi ngày nắng lên,thieu-nhi
Rước Đèn Tháng Tám,https://www.nhaccuatui.com/bai-hat/ruoc-den-thang-tam-candy-ngoc-ha.ekpJhDC2Zjbu.html,tết trung thu rước đèn đi chơi em rước đèn đi khắp phố phường lòng vui sướng với đèn trong tay em múa ca trong ánh trăng rằm đèn ông sao với đèn cá chép đèn thiên nga với đèn bướm bướm em rước đèn này đến cung trăng đèn xanh lơ với đèn tím tím đèn xanh lam với đèn trắng trắng trong ánh đèn rực rỡ muôn màu tít trên cao dáng tròn xinh xinh soi xuống trần ánh sáng dịu dàng rằm tháng tám bóng hằng trong sáng em múa ca vui đón chị hằng tùng dinh dinh cắc tùng dinh dinh tùng dinh dinh cắc tùng dinh dinh em rước đèn này đến cung trăng tùng dinh dinh cắc tùng dinh dinh tùng dinh dinh cắc tùng dinh dinh em rước đèn mừng đón chị hằng tết trung thu bánh quà đầy mâm em bé nhà ưa đứng quây quần đòi hạt sen bánh dẻo đầy nhân em muốn ăn bốn năm ba phần ngọt thơm như bánh dẻo bánh nướng ngọt cay như mứt gừng mứt bí ăn mát lòng lại thấy vui thêm hạt dưa nghe cắn nổ lốp đốp người vui hoan nói cười hấp tấp bao tấm lòng mừng đón trăng rằm,thieu-nhi
Hoa Bé Ngoan,https://www.nhaccuatui.com/bai-hat/hoa-be-ngoan-candy-ngoc-ha.UxPAIuAQJFQS.html,hoa nào mẹ yêu nhất hoa nào thơm ngát hương hoa nào tười thắm nhất đó là hoa bé ngoan em được mẹ thương nhất em được cô giáo yêu khi mà em ngoan nhất sẽ là hoa bé ngoan,thieu-nhi
Búp Bê Cổ Tích,https://www.nhaccuatui.com/bai-hat/bup-be-co-tich-candy-ngoc-ha.wDL4QPBTtTG7.html,anh búp bê búp bê búp bê búp bê cổ tích anh búp bê búp bê búp bê búp bê thần tiên đây là thạch sanh đây là cô tấm đây là bà tiên kìa là dì ghẻ thằng xí thạch sanh thằng giành cô tấm em khoái bà tiên đua nhau ẵm bồng anh búp bê búp bê búp bê búp bê cổ tích anh búp bê búp bê búp bê búp bê thần tiên còn một con búp bê nữa chứ con búp bê búp bê nào đâu à đúng rồi đúng rồi đúng rồi nó đang ngồi co ro một mình chẳng có ai chịu đến làm bạn bởi lòng nó gian ác vô cùng à đúng rồi đúng rồi đúng rồi đó là con búp bê dì ghẻ,thieu-nhi
Con Cua,https://www.nhaccuatui.com/bai-hat/con-cua-be-hong-an.oucwXiN3IOFH.html,có 8 cái chân có 2 cái càng cua bò bò ngang cua bò bò ngang có 8 cái chân có 2 cái càng cua bò về hang cua bò về hang thay vỏ nằm đau ôm mối tình đầu khóc bạn mình ên khóc bạn mình ên có 8 cái chân có 2 cái càng cua bò bò ngang cua bò bò ngang có 8 cái chân có 2 cái càng cua bò về hang cua bò về hang thay vỏ nằm đau ôm mối tình đầu khóc bạn mình ên khóc bạn mình ên khóc bạn mình ên khóc bạn mình ên khóc bạn mình ên khóc bạn mình ên,thieu-nhi
Chào Năm Học Mới,https://www.nhaccuatui.com/bai-hat/chao-nam-hoc-moi-be-minh-vy.xhSJ5DfI0Nt2.html,bạn ơi nhanh chân nhịp nhàng ta bước chào năm học mới đến rồi cờ sao tung bay rộn ràng trong gió chào năm học mới đã sang bầy chim ríu rít đùa vui trong nắng chào năm học mới đến rồi và hoa cũng đang rủ nhau khoe sắc bình minh rực rỡ muôn màu tô vẽ thêm bức trang ngày khai trường ta hân hoan vui hát hát vang câu ca vui trong nắng mai ta tung tăng vui bước bước trên đường dài tương lai ta vẫn luôn đi tới dù bao khó khăn nhọc nhằn vì bên ta luôn có bè bạn luôn có thầy cô,thieu-nhi
Con Tập Đi,https://www.nhaccuatui.com/bai-hat/con-tap-di-tran-duy-phuong-ft-dieu-hien.nsIP95te0KKW.html,con ơi con đi chầm chậm con ơi con đi chầm chậm bên cạnh có mẹ có cha vui cùng tiếng cười con thơ con ơi con đi chầm chậm con ơi con đi chầm chậm cha chờ đằng sau nâng đỡ tay mẹ phía trước chờ con qua bao năm tuổi ấu thơ con ngoan nay dần lớn khôn cha mẹ nhìn bước con đi trong lòng cảm thấy an vui con ơi con đi chầm chậm con ơi con đi chầm chậm bên cạnh có mẹ có cha vui cùng tiếng cười con thơ con ơi con đi chầm chậm con ơi con đi chầm chậm cha chờ đằng sau nâng đỡ tay mẹ phía trước chờ con qua bao năm tuổi ấu thơ con ngoan nay dần lớn khôn cha mẹ nhìn bước con đi trong lòng cảm thấy an vui con ơi con đi chầm chậm con ơi con đi chầm chậm,thieu-nhi
Vầng Trăng Mơ Ước,https://www.nhaccuatui.com/bai-hat/vang-trang-mo-uoc-kha-my.vwRI9h3G8VZt.html,đêm trăng rằm em đùa vui cùng ông trăng trên tay lung linh như bao điều mơ ước xa xa lắm chú cuội ngồi ngẩn ngơ em đang muốn hỏi sao chú không chơi cùng nhịp trống nhịp rộng vang bước chân chú lân thoăn thoắt đèn nào đèn ông sao em rước vui quanh trên đường ôi sao mơ ước có chị hằng xuống cùng đùa vui với chúng mình cho ánh trăng rạng ngời em yêu vầng trăng soi sáng quê mình trung thu rước đèn tang tình tính tang tuổi thơ cố gắng chăm ngoan ngày sau nên người chấp cánh bay vào tương lai em mơ tuổi thơ luôn hé môi cười như môi ông địa tang tình tính tang tuổi thơ trên khắp muôn nơi được vui hát mừng dưới ánh trăng thu vàng tuổi thơ trên khắp muôn nơi được vui hát mừng dưới ánh trăng thu vàng,thieu-nhi
O Tròn Như Trứng Vịt,https://www.nhaccuatui.com/bai-hat/o-tron-nhu-trung-vit-candy-ngoc-ha.gAZxeO6PG512.html,lạch bạch bạch vịt con đến trường cạc cạc cạc vịt ta học chữ o tròn như trứng gà thì học trước quên sau cạc cạc cạc vịt quên chữ rồi cạc cạc cạc thày ngan liền nhắc là vịt ta nhớ liền bạch lạch bạch vịt con đến trường cạp cạp cạp vịt ta học chữ vịt học trước quên sau cạc cạc cạc vịt quên chữ rồi cạc cạc cạc thầy ngan liền nhắc là vịt ta nhớ ngay,thieu-nhi
Đừng Để Con Một Mình,https://www.nhaccuatui.com/bai-hat/dung-de-con-mot-minh-be-minh-vy.WMvicu4UobWL.html,vì cuộc sống đã có nhiều đớn đau đừng mang theo trong lòng thêm chút u sầu rồi vội vã đôi chân cứ bước đi để đôi khi ta quên rằng cuộc sống là gì nếu có bước tiếp hãy chậm lại một chút để kịp lắng nghe những thao thức con chưa kể cuộc đời là thế hãy nói con nghe nhé để bình yên hạnh phúc là nơi con trở về ah ah ah ah nếu như con thấy buồn hãy mở con tim mình ra để thấy quanh đời ta không đâu hạnh phúc như mái nhà nếu như con lo sợ đừng giữ trong tim làm chi có bao nhiêu hoài nghi nhưng đừng quên hạnh phúc là gì chỉ xin hãy nhớ dù chỉ là một lần thôi nắm tay hãy đi với con đến ngày khôn lớn sẽ như cánh chim sớm mai con mạnh mẽ hơn oh ohhhh,thieu-nhi
Bàn Tay Xíu Xíu,https://www.nhaccuatui.com/bai-hat/ban-tay-xiu-xiu-candy-ngoc-ha.2jZ98GhxFnvj.html,bàn tay xíu xíu trông như năm cánh hoa đây bàn tay cha còn đây bàn tay me em muốn luôn được khen ngoan mai này khôn lớn dựng xây non nước nhà mai này khôn lớn dựng xây non nước nhà bàn tay xíu xíu trông như năm cánh hoa đây bàn tay cha còn đây bàn tay me em muốn luôn được khen ngoan mai này khôn lớn dựng xây non nước nhà mai này khôn lớn dựng xây non nước nhà bàn tay xíu xíu trông như năm cánh hoa đây bàn tay cha còn đây bàn tay me em muốn luôn được khen ngoan mai này khôn lớn dựng xây non nước nhà mai này khôn lớn dựng xây non nước nhà bàn tay xíu xíu trông như năm cánh hoa đây bàn tay cha còn đây bàn tay me em muốn luôn được khen ngoan mai này khôn lớn dựng xây non nước nhà mai này khôn lớn dựng xây non nước nhà mai này khôn lớn dựng xây non nước nhà mai này khôn lớn dựng xây non nước nhà,thieu-nhi
Bé Titi,https://www.nhaccuatui.com/bai-hat/be-titi-candy-ngoc-ha.cEwvzi31iRgo.html,bé là bé ti ti bé thường thích chơi bi bé còn thích kem ly hay hát như chú chim ri đến trường bé tung tăng ở nhà bé lăng xăng khoái kẹo đến hư răng ba má thương ai cho bằng sớm mai tiếng chim hót vang trong lành ba má đưa bé ti đến trường đón con bé ti khoe liền hoa bé ngoan tặng cho ba má nè,thieu-nhi
Con Còng Con Cua,https://www.nhaccuatui.com/bai-hat/con-cong-con-cua-candy-ngoc-ha.CaGHQ53YoqqX.html,con còng có cái cẳng còn co co có con cua cái có cái càng cong cong con cua cắn cần câu cá cua cái cong cái càng còn cẳng còng còn co co co co co co cẳng co co cẳng cẳng của còng cẳng còn co co cong càng con còng cái cẳng còn co co cái con cua cái cẳng con còng cái cẳng còn co,thieu-nhi
Những Cây Bút Chì Màu,https://www.nhaccuatui.com/bai-hat/nhung-cay-but-chi-mau-candy-ngoc-ha.624kMm2pw3N9.html,cây bút chì màu xanh em vẽ nên ruộng đồng cây bút màu đỏ tươi em vẽ bông hồng nhỏ có chút nắng ban mai ông mặt trời lấp ló phía sau cây phượng đỏ có ngôi trường của em những cây bút chì màu thật xinh đỏ cam vàng xanh lam tràm tím những cây bút chì màu thật xinh em vẽ lên biết bao bức tranh cây bút chì màu xanh em vẽ nên ruộng đồng cây bút màu đỏ tươi em vẽ bông hồng nhỏ có chút nắng ban mai ông mặt trời lấp ló phía sau cây phượng đỏ có ngôi trường của em những cây bút chì màu thật xinh đỏ cam vàng xanh lam tràm tím những cây bút chì màu thật xinh em vẽ lên biết bao bức tranh,thieu-nhi
Hoa Tay,https://www.nhaccuatui.com/bai-hat/hoa-tay-candy-ngoc-ha.kxpoDjmjQlFK.html,em muốn làm họa sĩ vẽ chim câu đùa tung cánh bay em muốn làm họa sĩ vẽ con trâu già bên lũy tre mẹ nói làm họa sĩ khó chi đâu nào đâu khó chi nhưng muốn làm họa sĩ nhớ phải cần cần có hoa tay hoa tay hoa tay hoa hoa hoa tay hoa tay là gì mẹ ơi hoa tay hoa tay hoa hoa hoa tay hoa tay là gì mẹ ơi ờ hớ ờ hờ ờ hớ ơ ai hay vẽ rồi sẽ vẽ hay ờ hớ ờ hờ ờ hớ ơ vẽ hay thì sẽ có hoa tay,thieu-nhi
Hội Đồng Chuột,https://www.nhaccuatui.com/bai-hat/hoi-dong-chuot-candy-ngoc-ha.JdTVu6lAQpMh.html,hôm nay họp hội đồng bàn ngay công việc thật cần nhân khi mèo bệnh hoạn thì ta nên họp vội vàng cùng lo mưu lược đối phó thật khôn theo tôi thì phải liều dùng dây xâu đầy lục lạc ta đeo vào cổ mèo để khi anh chàng này trèo thì chuông reo là ta trốn chạy mau nhưng ai người thực hành chịu hy sinh mà liều mình nay tôi bị tật nguyền niềm riêng xin trình thật tình làm sao nhanh bằng trai tráng mà kham như tôi lại thật buồn thần kinh sao lại lạ thường khôn lanh tạm đủ dùng trời sinh ra tật giật mình rủi ro cơn bệnh đưa tới đột nhiên tôi đây thì khỏe mạnh lại thêm thân hình mập mạp chân đi nặng chình thì sao đi lại được gần trời sinh ra mèo tai thính tự nhiên như tôi thì trẻ dại làm sao sinh chuyện nực cười không kinh nghiệm bằng người làm sao lo chuyện tày trời chỉ gây thêm họa chắc chắn mà thôi không ai người chịu làm thì thôi công việc chẳng thành thôi thôi tạm dừng bàn mạnh ai lo phận của mình vậy nay xin cùng giải tán là hơn,thieu-nhi
Tay Trắng Tay Đen,https://www.nhaccuatui.com/bai-hat/tay-trang-tay-den-candy-ngoc-ha.nbuPrFboc3r1.html,chè đậu đen nấu đường rồi ngào đường nấu me nhào bột em nấu bánh chè đậu xanh nấu đường rồi chè đậu đỏ cũng nấu đường nào tay trắng tay đen chè đậu đen nấu đường rồi ngào đường nấu me nhào bột lên nấu bánh chè đậu xanh nấu đường rồi chè đậu đỏ cũng nấu đường nào tay trắng tay đen mau lên đi cùng nhau đánh tù tì tới phiên bạn thì bạn ra cái gì thật là kỳ thế là bạn bị vì cái búa cái búa nó đập cái kéo mau lên đi cùng nhau đánh tù tì tới phiên bạn thì bạn ra cái gì thật là kỳ thế là tôi bị vì cái kéo cái kéo nó cắt cái bao,thieu-nhi
Trăng Tròn Trăng Trong,https://www.nhaccuatui.com/bai-hat/trang-tron-trang-trong-candy-ngoc-ha.LLKKINgqIpRa.html,chim chích chòe chíu chít chim trong tranh chim chờ trăng tròn trăng tròn trăng tròn ôi trăng trong trong trăng chưa tròn trăng chưa chiếu chiếu trên tranh cho chim chích chòe chích chòe chích chòe chờ trăng trong chờ trăng trong trăng chiếu chờ trăng chiếu trăng trong ôi chim chích chòe trông chờ trăng trong,thieu-nhi
Ánh Trăng Hoà Bình,https://www.nhaccuatui.com/bai-hat/anh-trang-hoa-binh-candy-ngoc-ha.neG6yYeSaacH.html,bóng trăng tròn lướt qua rặng tre trăng lấp lánh ánh vàng xóm quê trăng trăng thanh sáng ngời em hát cười trăng trông em đang múa hát trăng cũng cười khắp thôn làng tiếng chiêng lừng vang em múa hát rước đèn dưới trăng trăng ơi trăng sáng ngời soi khắp trời cho đêm nay em múa hát ca vang núi đồi đón hòa bình núi sông đẹp tươi trăng chiếu sáng ánh vàng khắp nơi trăng xinh xinh sáng ngời em hát cười yêu quê hương đất nước hát ca vang trời,thieu-nhi
Con Công,https://www.nhaccuatui.com/bai-hat/con-cong-candy-ngoc-ha.9UTEnViyJ2Tu.html,con công hay múa nó múa làm sao nó rụt cổ vào nó xòe cánh ra nó đỗ cành đa nó kêu ríu rít nó đỗ cành mít nó kêu vịt chè nó đỗ cành tre nó kêu bè muống nó đỗ bờ muống nó kêu tầm vông con công hay múa nó múa làm sao nó rụt cổ vào nó xòe cánh ra,thieu-nhi
Nhìn Con Khôn Lớn Từng Ngày,https://www.nhaccuatui.com/bai-hat/nhin-con-khon-lon-tung-ngay-tran-duy-phuong.isC74SNBKJwp.html,tập ăn con tập nói tập dối con tập chạy tập tô từng nét chữ đọc tiếng nói quê hương học ăn con học nói học gói con học mở học thêm lòng thương xót học biết cho là nhận đâu phải một ngày đâu đâu phải một ngày đâu phải một ngày đâu đâu phải một ngày học ăn con học nói học gói con học mở học bao người đi trước học đến suốt cuộc đời tập ăn con tập nói tập dối con tập chạy tập tô từng nét chữ đọc tiếng nói quê hương học ăn con học nói học gói con học mở học thêm lòng thương xót học biết cho là nhận đâu phải một ngày đâu đâu phải một ngày đâu phải một ngày đâu đâu phải một ngày học ăn con học nói học gói con học mở học bao người đi trước học đến suốt cuộc đời học bao người đi trước học đến suốt cuộc đời học bao người đi trước học đến suốt cuộc đời học bao người đi trước học đến suốt cuộc đời,thieu-nhi
Con Ong Cái Kiến,https://www.nhaccuatui.com/bai-hat/con-ong-cai-kien-candy-ngoc-ha.3ibO8rnFP7QX.html,có con ong lười suốt ngày nó đi chơi hổng chịu đến trường cái mặt trông khó thương ong bay ong lượn ong chích búa xua quậy quá đi thôi ai cũng đòi nghỉ chơi có con kiến lùn xếp hàng đứng lung tung hổng chịu bước đều đi lạc cho biết thân lang thang trong rừng kiến khóc hết hơi thôi nín đi nào ong dẫn đường về cho,thieu-nhi
Họ Nhà Kỳ Nhông,https://www.nhaccuatui.com/bai-hat/ho-nha-ky-nhong-candy-ngoc-ha.1wttPxxq7bFo.html,kỳ nhông là ông kỳ đà kỳ đà là cha cắc ké cắc ké ấy mà kỳ nhông kỳ nhông là ông kỳ đà chú kỳ nhông chạy rong ngoài cát bác cắc ké hóng mát bọng cây ăn no say thì chàng kỳ kà chui vô ghềnh mà ngủ cho say chú kỳ nhông sợ giông sợ gió bác cắc kè đến tối mới bò ra hay ba hoa là anh kỳ đà mang cái đuôi dài nên lại loay hoay chú kỳ nhong ruộng công vùng cát bác cắc kè trú đất vùng xanh vua trên sông là ông kỳ đà trong ba người ai chịu thua ai,thieu-nhi
Bông Và Hoa,https://www.nhaccuatui.com/bai-hat/bong-va-hoa-be-anh-thu-ft-be-thuy-tram.TiEkVYxjjEFI.html,mẹ ơi mẹ có khác nhau không mẹ khác chứ con bông là bông hoa là hoa bông là để minh chứng thế ư hoa là để mình ngắm thế à như thế là con biết rằng là sao,thieu-nhi
Ước Mơ Hồng,https://www.nhaccuatui.com/bai-hat/uoc-mo-hong-candy-ngoc-ha.eKcujSxH5D9Y.html,cuộc sống đã cho em bao ước mơ màu hồng cho em bao khát vọng và tình yêu mênh mông tuổi thơ đã cho em yêu tiếng ca học trò vang khắp nẻo đường bay qua phố phường ôi tiếng hát ngàn mến thương như chim sơn ca hát trên cao xanh bao la tiếng chim sơn ca tiếng chim bay xa tiếng ca vui lòng mọi nhà em như hoa xuân ngát hương thơm tràn lòng người sắc hương tưng bừng lá hoa reo mừng đón mùa xuân sang,thieu-nhi
Điều Con Ước,https://www.nhaccuatui.com/bai-hat/dieu-con-uoc-mit-dac.5fYFNVjhPrY9.html,mẹ ơi con ước mẹ là ngôi sao ngôi sao sáng nhất trên bầu trời đêm mẹ ơi con ước mẹ là cô tiên cô tiên đẹp nhất trong chuyện ngày xưa mẹ ơi con ước mẹ là dòng sông dòng sông tươi mát chở che đời con mẹ ơi con ước mẹ là biển xanh ngày đêm sóng vỗ ru hời giấc con mẹ ơi con ước mẹ mãi bên con hát cho con nghe câu hát êm đềm mẹ ơi con ước mẹ mãi bên con bên con mẹ nhé con yêu mẹ nhiều,thieu-nhi
Cả Nhà Ngủ Ngon,https://www.nhaccuatui.com/bai-hat/ca-nha-ngu-ngon-be-hong-an.RMdLXsIl9F2R.html,tắt đèn ngủ thôi ba ơi tắt đèn nằm bên cạnh mẹ một tay ôm gối chúc mẹ chúc ba mẹ ba chúc con tắt đèn ngủ thôi ba ơi tắt đèn nằm bên cạnh mẹ một tay ôm gối chúc mẹ chúc ba mẹ ba chúc con tắt đèn ngủ thôi ba ơi tắt đèn nằm bên cạnh mẹ một tay ôm gối chúc mẹ chúc ba mẹ ba chúc con tắt đèn ngủ thôi ba ơi tắt đèn nằm bên cạnh mẹ một tay ôm gối chúc mẹ chúc ba mẹ ba chúc con tắt đèn,thieu-nhi
Ong Và Bướm,https://www.nhaccuatui.com/bai-hat/ong-va-buom-be-thao-van.J06PbbLVILt0.html,con bướm trắng lượn một vòng gặp con ong đang bay vội bướm liền gọi bạn đi chơi không nào ong nói rằng tôi còn bận mẹ tôi dặn là việc chưa xong đi chơi rong mẹ tôi không thích đi chơi rong mẹ tôi không muốn nào,thieu-nhi
Em Tập Viết Chữ O,https://www.nhaccuatui.com/bai-hat/em-tap-viet-chu-o-be-anh-thu.3i7EYVyj37Q2.html,như tiếng con gà gáy như mặt trời ban ngày tròn tròn như quả bóng như vầng trăng đêm rằm nhưng khi em đọc số chữ o là số không o ò o ó o o ò o ó o o ò o ó o o ò o ó o,thieu-nhi
Tiếng Ve Gọi Hè,https://www.nhaccuatui.com/bai-hat/tieng-ve-goi-he-candy-ngoc-ha.x8EznbMHPa1D.html,khắp phố phường tiếng ve kêu hè hè hè và trong những tàn lá me kêu hè hè hè chạy theo tiếng ve từng cơn mưa về giọt mưa âm vang trên lá tiếng ve bay đầy trong gió giọt mưa long lanh trên những cánh hoa phượng thắm như màu ngọn cờ em đón mừng tiếng mừng tiếng ve những ngày đầu mùa và em vẫy chào tiếng ve sau một mùa hè,thieu-nhi
Trung Thu Tới Rồi,https://www.nhaccuatui.com/bai-hat/trung-thu-toi-roi-mit-dac.qoYJHznNv3YU.html,múa lân đông vui nghe vang tiếng trống rộn ràng nơi nơi ngắm trăng vui chơi cùng nhau tụ họp chúng em rước đèn đây là đèn con tôm kia là đèn cá chép chúng em rước vòng vòng cùng múa hát dưới trăng đây là đèn ông sao kia là đèn bươm bướm đèn thắp sáng muôn màu ôi múa thật là vui ánh trăng sáng quá nhìn rõ cây đa có chú cuội ngồi nhìn em múa ca ánh trăng sáng quá nhìn rõ cây đa ơi chị hằng ơi cùng chơi rước đèn,thieu-nhi
Trung Thu Mùa Cô Vy,https://www.nhaccuatui.com/bai-hat/trung-thu-mua-co-vy-be-huyen-tran.rtB7t4yU3yQL.html,năm nay năm cô vy nên bao người đều phải cách ly năm nay năm cô vy nên mọi người chẳng ai vui gì buồn lắm sắp đến đêm rằm chẳng lân chẳng đèn ông sao lòng nhớ những mùa trung thu xưa vui rộn vang khiến tim nghẹn ngào năm qua vui bên nhau nay sao lòng em nhớ xiết bao đôi chân em tung tăng những nẻo đường chẳng lo xa gần giờ đây sắp trung thu về chỉ biết ngồi nhìn xa vắng thầm mong những mùa trung thu xưa yêu thương quay về cùng trăng trung thu mùa cô vy chị hằng chú cuội phải cách ly trung thu mùa cô vy chẳng ai ra đường dù rất muốn đi trung thu mùa cô vy làm em nhớ khi không cách ly mong sao sẽ qua nhanh trả lại cho em mùa trung thu an lành,thieu-nhi
Con Nít Con Nôi,https://www.nhaccuatui.com/bai-hat/con-nit-con-noi-sunny-bao-ngoc.Mg8RSsSaZThQ.html,con nít con nôi suốt ngày ăn học rồi chơi đi tắm đi bơi cái mình thì nhỏ xít đội mũ lá mít cưỡi con ngựa bằng tàu cao em trước em sau ra đồng đánh trận cờ lau con gái con trai trưa hè quấn quýt mẹ gọi thì rối rít chạy u về nhà ồ con nít ham vui con nít ham chơi con nít hay cười ồ con nít không lo con nít không buồn mà ưa khóc nhè vừa khóc thút thít lại cười rúc rích vui đùa một đám mấy đứa thổi kèn lá dứa te tò tò te tò te tò te,thieu-nhi
Con Cóc Leo Võng,https://www.nhaccuatui.com/bai-hat/con-coc-leo-vong-candy-ngoc-ha.6XgEZ4HajCcy.html,con cóc nó leo cây võng cách con cóc nó leo cây võng cách nó leo sao nó rơi ngay xuống cọc ối thôi đau nó liền cạch đến già cóc lom com con cóc cóc lóc nhóc cóc con té đau nhưng không khóc con cóc thế mà chì con cóc nó leo cây võng cách con cóc nó leo cây võng cách nó leo sao nó rơi ngay xuống cọc ối thôi đau nó liền cạch đến già cóc lom com con cóc cóc lóc nhóc cóc con té đau nhưng không khóc con cóc thế mà chì con cóc nó leo cây võng cách con cóc nó leo cây võng cách nó leo sao nó rơi ngay xuống cọc ối thôi đau nó liền cạch đến già cóc lom com con cóc cóc lóc nhóc cóc con té đau nhưng không khóc con cóc thế mà chì con cóc nó leo cây võng cách con cóc nó leo cây võng cách nó leo sao nó rơi ngay xuống cọc ối thôi đau nó liền cạch đến già cóc lom com con cóc cóc lóc nhóc cóc con té đau nhưng không khóc con cóc thế mà chì cóc lom com con cóc cóc lóc nhóc cóc con té đau nhưng không khóc con cóc thế mà chì cóc lom com con cóc cóc lóc nhóc cóc con té đau nhưng không khóc con cóc thế mà chì,thieu-nhi
Cá Sấu Ghê Na,https://www.nhaccuatui.com/bai-hat/ca-sau-ghe-na-thuy-trang.xXr58rbJuwX6.html,mưa vẫn rơi đường ngập nước nhựa trơn khó đi mà những đứa lội chân cứ đi lạng quạng như xe lắc lư mưa vẫn rơi một ngày mưa trời không sáng tươi mà sao em thấy vui lạ quá em không buồn em không buồn rồi em chơi đàn ngồi ôm phong cầm cạnh ông qua đường mưa còn rơi và đáng tiếc thay ngày sinh mỗi năm và thế thôi tiếc hoài như giấc mơ một hôm bỗng nàng tiên tới đây ngồi trực thăng mà xanh lá cây rạp xinê phim rất hay eskimo quà ngày sinh nhật em rất duyên là năm trăm chiếc kem thật ngon kem thơm giòn kem thơm giòn,thieu-nhi
Đồng Dao Xanh,https://www.nhaccuatui.com/bai-hat/dong-dao-xanh-thu-thuy.WZJWvVMjIkhv.html,che mưa che nắng là rau tần ô cho vô nồi kho là rau diếp cá cho vào cối giã là ngọn càng cua theo gió la đà ngát thơm cọng hành hương mực tím thương quá là dậu mồng tơi em yêu suốt đời màu dây rau má mực tím thương quá là dậu mồng tơi em yêu suốt đời màu xanh dây rau mẹ hiền,thieu-nhi
Chú Mèo Chăm Chỉ,https://www.nhaccuatui.com/bai-hat/chu-meo-cham-chi-be-thuy-tram.erQfFjhX4oBX.html,ban mai hạt nắng long lanh long lanh qua từng khe lá mơ màng từng hạt nắng vàng nhuộm màu lên từng cánh hoa lim cặp mắt lim meo meo meo nằm phơi nắng bao người bảo rằng chú lười chỉ là biết ngủ rồi ăn nhưng chỉ em mới biết chú giỏi lắm bạn ơi thức khuya rồi dậy sớm không than phiền với ai đêm về em thấy chú mắt sáng ngồi lặng im canh mấy chú chuột nhỏ mang về sự bình yên,thieu-nhi
Soi Gương,https://www.nhaccuatui.com/bai-hat/soi-guong-yen-trang.QCGoqqqSXdSH.html,ngắm mình ở trong gương thấy vệt hoen trên má đi rửa mặt rồi nhìn vẫn thấy hoài đó thôi tần ngần bé biết soi gương nghe chiếc gương như nhắc nhở sao biết đi rửa mặt mà không biết lau gương,thieu-nhi
Quên Đi Âu Lo,https://www.nhaccuatui.com/bai-hat/quen-di-au-lo-sunny-bao-ngoc.ax6zxTLkAcES.html,đừng sợ hãi trước những phong ba đừng lo âu khi trời mây xám đừng hoài nghi khi nắng chưa lên vì trời xanh đang thắm xanh ngày nắng lên rồi tỏa khắp phương trời bình minh về bên cuộc sống đừng vội vã khắc vết thương sâu đừng lo âu khi đời giông tố vì ngày mai khi nắng qua đây nụ cười ai như đóa hoa hồng ngày nắng lên rồi đường phố vui cười bình yên ươm hồng ước mơ,thieu-nhi
Trung Thu Mùa Cô Vy,https://www.nhaccuatui.com/bai-hat/trung-thu-mua-co-vy-be-minh-chau.lY0Csl09bhNb.html,năm nay năm cô vy nên bao người đều phải cách ly năm nay năm cô vy nên mọi người chẳng ai vui gì buồn lắm sắp đến đêm rằm chẳng lân chẳng đèn ông sao lòng nhớ những mùa trung thu xưa vui rộn vang khiến tim nghẹn ngào năm qua vui bên nhau nay sao lòng em nhớ xiết bao đôi chân em tung tăng những nẻo đường chẳng lo xa gần giờ đây sắp trung thu về chỉ biết ngồi nhìn xa vắng thầm mong những mùa trung thu xưa yêu thương quay về cùng trăng trung thu mùa cô vy chị hằng chú cuội phải cách ly trung thu mùa cô vy chẳng ai ra đường dù rất muốn đi trung thu mùa cô vy làm em nhớ khi không cách ly mong sao sẽ qua nhanh trả lại cho em mùa trung thu an lành,thieu-nhi
Mùa Đông Diệu Kỳ,https://www.nhaccuatui.com/bai-hat/mua-dong-dieu-ky-va.wTZtNzMIqS7E.html,chuông ngân vang vang vang thật êm đêm noel đang êm đềm sang dù có giá rét tối tăm tháng năm trong ta giá băng hãy cất tiếng hát vui trong đêm an lành em nghe không đêm nay lặng yên trên không gian lung linh ngàn sao chào đón đức chúa giáng sinh thánh ca vang lên tưng bừng hãy cất tiếng hát vui trong đêm an lành trời lạnh giá phố phường nhiều tuyết trắng rơi đầy dù lạnh giá tới lòng quá ấm mê chợt những tiếng nói cười và tiếng hát vang lừng đêm chúa giáng trần tỏa sáng với ngàn vì sao đêm yên vui đêm ta chờ trông đêm noel đêm ta đợi mong dù số kiếp có tối tăm hãy cất tiếng hát vui trong đêm an lành tháng năm trong ta giá băng,thieu-nhi
Giờ Đến Trường,https://www.nhaccuatui.com/bai-hat/gio-den-truong-va.qD1oWEzJhPNw.html,tích tắc tích tắc quả lắc đếm giờ dậy mau đi học này chú mèo con tích tắc tích tắc quả lắc rung chuông gọi em đi học gọi em mau đến trường,thieu-nhi
Trăng Tròn Tháng Tám,https://www.nhaccuatui.com/bai-hat/trang-tron-thang-tam-be-thuy-tram.AGpULMsAWZJ6.html,đêm trung thu trăng tròn soi sáng quê hương em tung tăng nô đùa náo nức hân hoan nhịp trống bùng lên rộn vang như khúc ca nhịp bước cùng nhau vui dưới đêm trăng tròn chiếu sáng trên cao ông trăng ngời tiếng hát ngân nga trên môi cười nến lấp lánh lung linh trong ngôi sao vàng thắp những ước mơ cho em thơ bao miền,thieu-nhi
Tết Chưa Mẹ,https://www.nhaccuatui.com/bai-hat/tet-chua-me-be-anh-thu.xPzORNauvABJ.html,em còn nhỏ em học trường mầm non nghe các bạn nói tết sắp đến rồi đi học về có mẹ đón đưa em dạ thưa mẹ ơi tết về chưa bộ đầm mới mẹ vừa mới may xong hôm nay con mặc cho mẹ xem nhé mẹ bảo rằng hoa đào hoa mai nở là tết về đàn chim én tung bay,thieu-nhi
La tour Eiffel : Le troisième étage de nos jours,https://www.nhaccuatui.com/bai-hat/la-tour-eiffel-le-troisieme-etage-de-nos-jours-hello-maestro.vOkaHcnZdSkk.html,,thieu-nhi
La tour Eiffel : Le deuxième étage de nos jours,https://www.nhaccuatui.com/bai-hat/la-tour-eiffel-le-deuxieme-etage-de-nos-jours-hello-maestro.yfriLcnG9eVj.html,,thieu-nhi
La tour Eiffel : Le premier étage de nos jours,https://www.nhaccuatui.com/bai-hat/la-tour-eiffel-le-premier-etage-de-nos-jours-hello-maestro.mMsfZnd8NzIl.html,,thieu-nhi
La tour Eiffel : Eiffel sauve sa tour,https://www.nhaccuatui.com/bai-hat/la-tour-eiffel-eiffel-sauve-sa-tour-hello-maestro.PZ6FNXqNGoE1.html,,thieu-nhi
La tour Eiffel : Visite du troisième étage,https://www.nhaccuatui.com/bai-hat/la-tour-eiffel-visite-du-troisieme-etage-hello-maestro.e69rmLt8VHmk.html,,thieu-nhi
La tour Eiffel : Visite des deux premiers étages,https://www.nhaccuatui.com/bai-hat/la-tour-eiffel-visite-des-deux-premiers-etages-hello-maestro.Yq4Pm9ndqYFh.html,,thieu-nhi
La tour Eiffel : Bienvenue en mai 1889,https://www.nhaccuatui.com/bai-hat/la-tour-eiffel-bienvenue-en-mai-1889-hello-maestro.g6mMSQtq4zBY.html,,thieu-nhi
La tour Eiffel : La durée du chantier,https://www.nhaccuatui.com/bai-hat/la-tour-eiffel-la-duree-du-chantier-hello-maestro.iGvyk4J27E7v.html,,thieu-nhi
La tour Eiffel : La construction,https://www.nhaccuatui.com/bai-hat/la-tour-eiffel-la-construction-hello-maestro.mZUGEs0VflDi.html,,thieu-nhi
La tour Eiffel : Un monument qui ne faisait pas l'unanimité,https://www.nhaccuatui.com/bai-hat/la-tour-eiffel-un-monument-qui-ne-faisait-pas-lunanimite-hello-maestro.YkgtCOzZzMk0.html,,thieu-nhi
La tour Eiffel : La couleur de la tour,https://www.nhaccuatui.com/bai-hat/la-tour-eiffel-la-couleur-de-la-tour-hello-maestro.ANo1gaa6KiqY.html,,thieu-nhi
La tour Eiffel : Bienvenue en 1888,https://www.nhaccuatui.com/bai-hat/la-tour-eiffel-bienvenue-en-1888-hello-maestro.fwaB3UzogtWk.html,,thieu-nhi
La tour Eiffel : Gustave Eiffel,https://www.nhaccuatui.com/bai-hat/la-tour-eiffel-gustave-eiffel-hello-maestro.amtyvCjOoP8q.html,,thieu-nhi
La tour Eiffel : l'Exposition universelle,https://www.nhaccuatui.com/bai-hat/la-tour-eiffel-lexposition-universelle-hello-maestro.PrcSilTA2cjh.html,,thieu-nhi
La tour Eiffel : La création du projet,https://www.nhaccuatui.com/bai-hat/la-tour-eiffel-la-creation-du-projet-hello-maestro.OMiOpDP3GrgB.html,,thieu-nhi
La tour Eiffel : Introduction,https://www.nhaccuatui.com/bai-hat/la-tour-eiffel-introduction-hello-maestro.fgkCrsUwrMxA.html,,thieu-nhi
La tour Eiffel : La tour et la météo,https://www.nhaccuatui.com/bai-hat/la-tour-eiffel-la-tour-et-la-meteo-hello-maestro.ywuIDM9iHJVI.html,,thieu-nhi
La tour Eiffel : Les illuminations et la tour dans le monde,https://www.nhaccuatui.com/bai-hat/la-tour-eiffel-les-illuminations-et-la-tour-dans-le-monde-hello-maestro.dYnkcY9qiafR.html,,thieu-nhi
Hồng Ân Về Muôn Nơi,https://www.nhaccuatui.com/bai-hat/hong-an-ve-muon-noi-be-thuy-tram.yHcBml1bXzzk.html,lung linh sắc màu phố phường cây thông xanh khắp mọi nẻo đường vang vang khúc nhạc những lời thương cho lòng ai vấn vương đêm nay thánh đường hát mừng chuông ngân lên phố phường tưng bừng ngôi hai giáng trần phát hồng ân rộn ràng khắp thế nhân bước mau đến nơi này cùng xem một hài nhi sinh ra đời nối thêm những ước nguyện gần xa người người cùng hoan ca đêm nay thái hòa đất trời tay trong tay hát mừng bao lời chia nhau tiếng cười đến ngàn nơi con mừng chúa muôn đời,thieu-nhi
Đôi Cánh Tình Thương,https://www.nhaccuatui.com/bai-hat/doi-canh-tinh-thuong-be-thuy-tram.fvE5IZG9jY4O.html,vườn nhà em rộng lớn dưới nắng vàng bình minh có đàn gà nhỏ nhỏ theo gà mẹ tìm ăn bầu trời mây trong xanh một cánh diều bay quanh từ trên cao lượn tới định bắt đàn gà con mẹ dang đôi cánh rộng che chở cho đàn con miệng cục ta cục tác đuổi cánh diều bay đi trời đêm đông giá lạnh mẹ sưởi ấm đàn con đôi cánh kia tuy mỏng nhưng chứa đầy tình thương,thieu-nhi
Em Khoe Với Mẹ,https://www.nhaccuatui.com/bai-hat/em-khoe-voi-me-be-thuy-tram.UXjg4OYA045c.html,em khoe với mẹ bài tập viết hôm qua cô khen nét chữ em nắn nét từng ô cô khen viết chữ vở sạch thơm tho em khoe với mẹ bài tập viết hôm nay nhân chia cộng trừ em làm bài đúng hết nên cô chấm bài điểm 10 cho em những con điểm 10 như những bông hoa trong vườn thơm ngát những con điểm 10 mang về tặng mẹ trở thành con ngoan,thieu-nhi
Lục Đà Lục Đục,https://www.nhaccuatui.com/bai-hat/luc-da-luc-duc-be-thuy-tram.kuPHAOi74D3h.html,đêm rồi sao không ngủ thức trắng hoài làm chi lục í a lục đà í a lục đục thức đêm í à thức đêm em ghét chú chuột ghê làm phiền giấc ngủ ngon làm mọi người hổng thích nhắc đến mọi người chê em ghét chú chuột ghê làm phiền giấc ngủ ngon làm mọi người hổng thích nhắc đến mọi người chê lục í a lục đà í a lục đục thức đêm í à thức đêm,thieu-nhi
Cu Tý Hề,https://www.nhaccuatui.com/bai-hat/cu-ty-he-nguyet-anh.U0wvJJie0FAE.html,mau mau ra xem kìa cu tí xấu xấu ghê hôm qua mê chơi sáng naу lên trường vội vàng ôi sao lem nhem rằn ri như những anh hề xấu ghê nè cu tí hề mau mau ra xem kìa cu tí xấu khóc nhè hôm qua mê chơi tới khuуa không chịu ôn bài khi cô kêu tên vờ như đang ngắm mâу trời xấu ghê nè cu tí lười,thieu-nhi
